<?xml version="1.0" encoding="UTF-8"?>
<project-private xmlns="http://www.netbeans.org/ns/project-private/1">
    <editor-bookmarks xmlns="http://www.netbeans.org/ns/editor-bookmarks/2" lastBookmarkId="0"/>
    <open-files xmlns="http://www.netbeans.org/ns/projectui-open-files/2">
        <group>
            <file>file:/C:/Users/Luis%20Maldonado/Documents/NetBeansProjects/Guia1LuisAlejandroMaldonadoUribe/src/co/edu/unicolombo/pb20232/ventanas/Registro_de_materiales.java</file>
            <file>file:/C:/Users/Luis%20Maldonado/Documents/NetBeansProjects/Guia1LuisAlejandroMaldonadoUribe/src/co/edu/unicolombo/pb20232/ventanas/VentanaPrincipal.java</file>
            <file>file:/C:/Users/Luis%20Maldonado/Documents/NetBeansProjects/Guia1LuisAlejandroMaldonadoUribe/src/co/edu/unicolombo/pb20232/ventanas/GestionNominaPCIGerente.java</file>
            <file>file:/C:/Users/Luis%20Maldonado/Documents/NetBeansProjects/Guia1LuisAlejandroMaldonadoUribe/src/co/edu/unicolombo/pb20232/ventanas/Modificacion_de_materiales.java</file>
            <file>file:/C:/Users/Luis%20Maldonado/Documents/NetBeansProjects/Guia1LuisAlejandroMaldonadoUribe/src/co/edu/unicolombo/pb20232/ventanas/Eliminacion_de_materiales.java</file>
        </group>
    </open-files>
</project-private>
